{"cameraMode":{"drawMode":0,"name":"Shaded","section":"Shading Mode"},"sceneLighting":false,"audioPlay":false,"sceneViewState":{"showFog":true,"showMaterialUpdate":false,"showSkybox":false,"showFlares":true,"showImageEffects":true,"showParticleSystems":true},"in2DMode":false,"pivot":{"x":-2.432450771331787,"y":-1.340000033378601,"z":2.6746344566345217},"rotation":{"x":-0.17506827414035798,"y":-0.4777558147907257,"z":0.09779220819473267,"w":-0.8553031086921692},"size":1.7660253047943116,"orthographic":false}